{
  "fixed": {
    "r2": 0.6942274989434734,
    "rmse": 0.5095688825304546,
    "params": {
      "offset": 17.68835277458529,
      "g_outdoor": 0.08040477373600247,
      "g_effort": 0.21467283193220124,
      "g_pv": 3.9700460998179112
    }
  },
  "adaptive_ff0.999": {
    "r2": 0.7660380144797386,
    "rmse": 0.4383888228022237,
    "n_points": 3569,
    "forgetting_factor": 0.999,
    "final_params": {
      "offset": 18.02305910871832,
      "g_outdoor": 0.005192807956592974,
      "g_effort": 0.2170452900330275,
      "g_pv": 4.026265365242589
    }
  },
  "adaptive_ff0.995": {
    "r2": 0.8297229057980735,
    "rmse": 0.3739942617237216,
    "n_points": 3569,
    "forgetting_factor": 0.995,
    "final_params": {
      "offset": 18.262010955061257,
      "g_outdoor": -0.09339997457916126,
      "g_effort": 0.17605323639520332,
      "g_pv": 3.80412862561386
    }
  },
  "adaptive_ff0.99": {
    "r2": 0.8617684135955173,
    "rmse": 0.3369694039619133,
    "n_points": 3569,
    "forgetting_factor": 0.99,
    "final_params": {
      "offset": 18.655138990625602,
      "g_outdoor": -0.21024668466561125,
      "g_effort": 0.15775321655196867,
      "g_pv": 4.636284033906862
    }
  },
  "adaptive_ff0.98": {
    "r2": 0.8939700613128153,
    "rmse": 0.29512165573623533,
    "n_points": 3569,
    "forgetting_factor": 0.98,
    "final_params": {
      "offset": 19.179726288324105,
      "g_outdoor": -0.3134292304875486,
      "g_effort": 0.15276390150038327,
      "g_pv": 5.047768514644196
    }
  }
}