{
  "fixed": {
    "r2": 0.6794675934626939,
    "rmse": 0.500518412526258,
    "params": {
      "offset": 17.73147844198555,
      "g_outdoor": 0.07748748200989342,
      "g_effort": 0.2076222989767665,
      "g_pv": 4.169797200774346
    }
  },
  "adaptive_ff0.999": {
    "r2": 0.762877766977952,
    "rmse": 0.42291696623186703,
    "n_points": 3254,
    "forgetting_factor": 0.999,
    "final_params": {
      "offset": 17.890609389955976,
      "g_outdoor": 0.015133451372676575,
      "g_effort": 0.2224061642447132,
      "g_pv": 5.256610620507039
    }
  },
  "adaptive_ff0.995": {
    "r2": 0.8260043622287683,
    "rmse": 0.3622748207343105,
    "n_points": 3254,
    "forgetting_factor": 0.995,
    "final_params": {
      "offset": 17.600510754418295,
      "g_outdoor": 0.050100505464031456,
      "g_effort": 0.24941726232638667,
      "g_pv": 6.612801221069439
    }
  },
  "adaptive_ff0.99": {
    "r2": 0.8588134316436783,
    "rmse": 0.326336507500398,
    "n_points": 3254,
    "forgetting_factor": 0.99,
    "final_params": {
      "offset": 17.593217351287084,
      "g_outdoor": 0.06998196682242201,
      "g_effort": 0.2514368095287977,
      "g_pv": 5.848717191774017
    }
  },
  "adaptive_ff0.98": {
    "r2": 0.8931158565196851,
    "rmse": 0.2839393676288713,
    "n_points": 3254,
    "forgetting_factor": 0.98,
    "final_params": {
      "offset": 17.758844521693213,
      "g_outdoor": 0.08727470212353154,
      "g_effort": 0.24982717164352347,
      "g_pv": 3.5797316272700233
    }
  }
}