{
  "seasonal_model": {
    "r2": 0.708407264314902,
    "rmse": 5.375512223277606,
    "coefficients": {
      "intercept": -2.193670283349816,
      "month_sin": 2.6625589175567894,
      "month_cos": 11.627450449033196,
      "is_weekend": -0.10260009406180723
    }
  },
  "hdd_model": {
    "r2": 0.6938839712542801,
    "rmse": 2.915511293857333,
    "hdd_coefficient": 0.9962105370615445,
    "coefficients": {
      "intercept": -5.502196704239092,
      "hdd": 0.9962105370615445,
      "month_sin": 1.6540148858047334,
      "month_cos": 2.978968520355152,
      "is_weekend": 0.5304228259052832
    }
  }
}