{
  "seasonal_model": {
    "r2": 0.7087659327882685,
    "rmse": 5.371409129007798,
    "coefficients": {
      "intercept": -2.1994525972984644,
      "month_sin": 2.6439057898785436,
      "month_cos": 11.598041608138592,
      "is_weekend": -0.14407628328173325
    }
  },
  "hdd_model": {
    "r2": 0.7084119798176904,
    "rmse": 2.809621362341485,
    "hdd_coefficient": 1.1391590095055155,
    "coefficients": {
      "intercept": -9.054198791415129,
      "hdd": 1.1391590095055155,
      "month_sin": -0.019172038979577127,
      "month_cos": 4.847521950976463,
      "is_weekend": -0.061555461180621794
    }
  }
}