{
  "seasonal_model": {
    "r2": 0.702949864711107,
    "rmse": 5.358289110751341,
    "coefficients": {
      "intercept": -2.2595168660566847,
      "month_sin": 2.587486939060794,
      "month_cos": 11.509320696743323,
      "is_weekend": -0.1202659541188956
    }
  },
  "hdd_model": {
    "r2": 0.5796004086488648,
    "rmse": 3.0701509829409357,
    "hdd_coefficient": 0.881487688493782,
    "coefficients": {
      "intercept": -18.09527444446639,
      "hdd": 0.881487688493782,
      "month_sin": -3.9388880500384387,
      "month_cos": 16.471900173846677,
      "is_weekend": 0.10249061895252769
    }
  }
}