{
  "efficiency": {
    "constant": {
      "eta": 0.3725728663298578,
      "eta_std": 0.01894122199677165
    },
    "lift_dependent": {
      "intercept": 0.3900337349023538,
      "slope": -0.0005294553531173995,
      "r_squared": 0.03025611285379459,
      "p_value": 0.11579378883554864
    },
    "outdoor_dependent": {
      "intercept": 0.36592953501109926,
      "slope": 0.0010281226085787397,
      "r_squared": 0.039052839963487754,
      "p_value": 0.07332764876648426
    }
  },
  "cop_models": {
    "empirical": {
      "intercept": 5.4422283839657535,
      "coef_T_outdoor": 0.1459189761610876,
      "coef_T_HK2": -0.07526981942401069,
      "r_squared": 0.9371299921574424,
      "rmse": 0.19502359747624823,
      "formula": "COP = 5.44 + 0.146\u00d7T_out + -0.075\u00d7T_HK2"
    },
    "thermodynamic": {
      "eta": 0.3725728663298578,
      "r_squared": 0.9341159280381897,
      "rmse": 0.1996437057233043,
      "formula": "COP = 0.373 \u00d7 COP_carnot"
    },
    "hybrid": {
      "intercept": 1.1973421551874806,
      "coef_COP_carnot": 0.19647559967932363,
      "coef_T_outdoor": 0.10062320136884124,
      "r_squared": 0.9469287670831197,
      "rmse": 0.17918225363939685,
      "formula": "COP = 1.20 + 0.196\u00d7COP_carnot + 0.101\u00d7T_out"
    }
  },
  "summary": {
    "n_days": 83,
    "mean_carnot_cop": 10.474720508006632,
    "mean_actual_cop": 3.905557423167013,
    "mean_efficiency": 0.3725728663298578
  }
}