{
  "params": {
    "tau_buf": 1.0,
    "tau_room": 78.15609771119688,
    "r_emit": 1.090005722829334,
    "r_heat": 2.0,
    "k_solar": 0.0399693993984528,
    "c_offset": -0.05424551877352376
  },
  "stability": {
    "is_stable": true,
    "max_eigenvalue": 0.9937804927610813,
    "eigenvalues": [
      0.4741218962978765,
      0.9937804927610813
    ],
    "stability_threshold": 0.998
  },
  "forward_sim_metrics": {
    "r2_room": 0.58219923131751,
    "rmse_room": 0.5652576186457013,
    "mae_room": 0.44682798535643437,
    "bias_room": -0.0028530387124273073,
    "r2_buffer": -2.4684404915297207,
    "rmse_buffer": 11.125104999395058
  },
  "rolling_horizon_metrics": {
    "24h": {
      "r2_room": 0.6631273952480223,
      "rmse_room": 0.5075684916239446
    },
    "6h": {
      "r2_room": 0.7602901516013363,
      "rmse_room": 0.428158673103979
    },
    "2h": {
      "r2_room": 0.9333981618567951,
      "rmse_room": 0.22568615363675643
    }
  },
  "kalman_metrics": {
    "r2_room": 0.6060146743974143,
    "rmse_room": 0.5489108690792869
  },
  "one_step_metrics": {
    "r2_room": 0.9899574673884398,
    "rmse_room": 0.08763299700581424
  },
  "n_points": 6807,
  "param_bounds": {
    "tau_buf": [
      1.0,
      8.0
    ],
    "tau_room": [
      12.0,
      96.0
    ],
    "r_emit": [
      0.05,
      2.0
    ],
    "r_heat": [
      0.05,
      2.0
    ],
    "k_solar": [
      0.0,
      1.0
    ],
    "c_offset": [
      -1.0,
      1.0
    ]
  },
  "time_step_hours": 0.25
}