{
  "params": {
    "tau_buf": 1.0,
    "tau_env": 120.0,
    "tau_room": 24.0,
    "r_emit": 1.0039048283884227,
    "r_heat": 2.0,
    "r_env": 2.0,
    "r_env_out": 0.10576208438391158,
    "k_solar": 0.07535886753974012,
    "c_offset": -0.11332661899943906
  },
  "stability": {
    "is_stable": true,
    "max_eigenvalue": 0.9934303281953532,
    "eigenvalues": [
      0.32715331058692787,
      0.9536418835798633,
      0.9934303281953532
    ]
  },
  "forward_sim_metrics": {
    "r2_room": 0.6653717454581635,
    "rmse_room": 0.5058748763763942,
    "bias_room": -0.007152122555651038,
    "r2_buffer": -2.295632854712955
  },
  "rolling_horizon_metrics": {
    "24h": {
      "r2_room": 0.7358426844658637,
      "rmse_room": 0.44946215367855746
    },
    "6h": {
      "r2_room": 0.7595600826289884,
      "rmse_room": 0.42881018517366287
    },
    "2h": {
      "r2_room": 0.8354622692445085,
      "rmse_room": 0.35472725558332074
    }
  },
  "n_points": 6807
}