{
  "t_ref_comfort": 21.33888888888888,
  "t_ref_eco": 19.155555555555555,
  "r_squared": 0.9206912759814896,
  "rmse": 1.283439048860267,
  "normal_r_squared": 0.9460345967276244,
  "normal_rmse": 1.01824576006755,
  "rmse_comfort": 0.517247125318888,
  "rmse_eco": 1.4464455407169303,
  "model": "T_flow = setpoint + curve_rise \u00d7 (T_ref - T_outdoor)"
}